[
   {
      "Id":"6eb925b8-d5c0-4c79-b93d-a7735ea5de27",
      "TempratureCelcius":78.324893735500467,
      "SensorId":"SEN-001E",
      "CoreId":"001",
      "EventTime":"2019-10-09T16:54:16.3807159Z"
   },
   {
      "Id":"b1cf2df7-b684-4444-9d4a-22abf69c201b",
      "TempratureCelcius":50.752910529613921,
      "SensorId":"SEN-001E",
      "CoreId":"001",
      "EventTime":"2019-10-09T16:54:16.7145302Z"
   },
   {
      "Id":"5bc18861-abb1-423d-9b3b-61dee5bf8098",
      "TempratureCelcius":147.91944834772471,
      "SensorId":"SEN-001E",
      "CoreId":"001",
      "EventTime":"2019-10-09T16:54:16.8520487Z"
   },
   {
      "Id":"542f10a1-fe59-401a-9f03-77f8c2a9323c",
      "TempratureCelcius":167.50626208610191,
      "SensorId":"SEN-001E",
      "CoreId":"001",
      "EventTime":"2019-10-09T16:54:16.9646923Z"
   },
   {
      "Id":"cd034910-b550-4e3c-afdc-fa175867ff2a",
      "TempratureCelcius":121.63561530021747,
      "SensorId":"SEN-001E",
      "CoreId":"001",
      "EventTime":"2019-10-09T16:54:17.0896227Z"
   },
   {
      "Id":"d8db8867-8466-4549-a5af-61e0a140adbd",
      "TempratureCelcius":498.37319056893381,
      "SensorId":"SEN-001E",
      "CoreId":"001",
      "EventTime":"2019-10-09T16:54:17.2147812Z"
   },
   {
      "Id":"a8816cd4-68a4-4826-a7a7-b554b5ee8655",
      "TempratureCelcius":131.89419118310053,
      "SensorId":"SEN-001E",
      "CoreId":"001",
      "EventTime":"2019-10-09T16:54:17.3404542Z"
   },
   {
      "Id":"a0ba83e6-e4d5-4ae9-9d0d-be6879325f48",
      "TempratureCelcius":491.14237750933614,
      "SensorId":"SEN-001E",
      "CoreId":"001",
      "EventTime":"2019-10-09T16:54:17.4664801Z"
   },
   {
      "Id":"4841a341-4a27-4684-ae9c-ab3652207aa2",
      "TempratureCelcius":344.075240704266,
      "SensorId":"SEN-001E",
      "CoreId":"001",
      "EventTime":"2019-10-09T16:54:17.5858129Z"
   },
   {
      "Id":"7e90e833-39f8-47ab-9b8a-5cf6048cdd7c",
      "TempratureCelcius":124.91003846512643,
      "SensorId":"SEN-001E",
      "CoreId":"001",
      "EventTime":"2019-10-09T16:54:17.6990431Z"
   },
   {
      "Id":"6ab3b69e-7c8d-4e19-9d80-db34b65ff59d",
      "TempratureCelcius":250.59853987796166,
      "SensorId":"SEN-001E",
      "CoreId":"001",
      "EventTime":"2019-10-09T16:54:17.8233394Z"
   },
   {
      "Id":"4e2c9f34-3148-4b9d-9a88-e53375d8b765",
      "TempratureCelcius":73.34684141601754,
      "SensorId":"SEN-001E",
      "CoreId":"001",
      "EventTime":"2019-10-09T16:54:17.9344023Z"
   },
   {
      "Id":"f363d7ac-196d-4872-9135-2ef3c92b5e57",
      "TempratureCelcius":345.41753208982641,
      "SensorId":"SEN-001E",
      "CoreId":"001",
      "EventTime":"2019-10-09T16:54:18.0578808Z"
   },
   {
      "Id":"9568dd00-bea7-4b96-88b5-ad38459e3c2b",
      "TempratureCelcius":423.6417222645328,
      "SensorId":"SEN-001E",
      "CoreId":"001",
      "EventTime":"2019-10-09T16:54:18.1688179Z"
   },
   {
      "Id":"c767c976-925a-41ad-8112-63b63d53cae6",
      "TempratureCelcius":169.92471524045092,
      "SensorId":"SEN-001E",
      "CoreId":"001",
      "EventTime":"2019-10-09T16:54:18.2956581Z"
   },
   {
      "Id":"a4a8716c-8708-4587-89cb-20249e7d0911",
      "TempratureCelcius":481.64254428429649,
      "SensorId":"SEN-001E",
      "CoreId":"001",
      "EventTime":"2019-10-09T16:54:18.4150003Z"
   },
   {
      "Id":"ebd4bead-ee60-4899-a9c4-10ef3cc9f32a",
      "TempratureCelcius":376.82767656018387,
      "SensorId":"SEN-001E",
      "CoreId":"001",
      "EventTime":"2019-10-09T16:54:18.5283256Z"
   },
   {
      "Id":"06d097b7-5820-4158-a54b-7789a783202a",
      "TempratureCelcius":109.70987950438163,
      "SensorId":"SEN-001E",
      "CoreId":"001",
      "EventTime":"2019-10-09T16:54:18.6532366Z"
   },
   {
      "Id":"1fdacd61-8bbf-4375-a48a-2f76118b26af",
      "TempratureCelcius":425.86928763234488,
      "SensorId":"SEN-001E",
      "CoreId":"001",
      "EventTime":"2019-10-09T16:54:18.7747472Z"
   },
   {
      "Id":"843b0e0a-36a2-452d-818c-8cdd6002e149",
      "TempratureCelcius":156.15731417488183,
      "SensorId":"SEN-001E",
      "CoreId":"001",
      "EventTime":"2019-10-09T16:54:18.887354Z"
   },
   {
      "Id":"95088091-9815-48c3-be6e-145ddb4b33c5",
      "TempratureCelcius":283.08035760795713,
      "SensorId":"SEN-001E",
      "CoreId":"001",
      "EventTime":"2019-10-09T16:54:19.0120837Z"
   },
   {
      "Id":"8a966bc8-d433-4c20-a52d-754a8bbdd70f",
      "TempratureCelcius":132.90337735456572,
      "SensorId":"SEN-001E",
      "CoreId":"001",
      "EventTime":"2019-10-09T16:54:19.1375906Z"
   },
   {
      "Id":"295074e6-61ab-40dc-a7a2-323b0f452a6b",
      "TempratureCelcius":254.08686816417,
      "SensorId":"SEN-001E",
      "CoreId":"001",
      "EventTime":"2019-10-09T16:54:19.2569117Z"
   },
   {
      "Id":"18b0224d-ce12-401d-a82b-eced13c19d79",
      "TempratureCelcius":279.23113013581894,
      "SensorId":"SEN-001E",
      "CoreId":"001",
      "EventTime":"2019-10-09T16:54:19.3691707Z"
   },
   {
      "Id":"765751ed-262a-4a24-9593-a1231d0992cc",
      "TempratureCelcius":445.47803178219033,
      "SensorId":"SEN-001E",
      "CoreId":"001",
      "EventTime":"2019-10-09T16:54:19.4804486Z"
   },
   {
      "Id":"d327a167-753e-4262-b7c1-f56c80cb1afe",
      "TempratureCelcius":443.80658997400036,
      "SensorId":"SEN-001E",
      "CoreId":"001",
      "EventTime":"2019-10-09T16:54:19.6063471Z"
   },
   {
      "Id":"ec9af551-d566-45a9-8761-e8992283ed28",
      "TempratureCelcius":352.28585193505779,
      "SensorId":"SEN-001E",
      "CoreId":"001",
      "EventTime":"2019-10-09T16:54:19.7256307Z"
   },
   {
      "Id":"359da02c-0e8e-4ce6-ba95-a998dacbcf80",
      "TempratureCelcius":157.03495790112527,
      "SensorId":"SEN-001E",
      "CoreId":"001",
      "EventTime":"2019-10-09T16:54:19.8382953Z"
   },
   {
      "Id":"568aa56c-913d-4c78-9dbe-600e7a557bc4",
      "TempratureCelcius":161.25929398055155,
      "SensorId":"SEN-001E",
      "CoreId":"001",
      "EventTime":"2019-10-09T16:54:19.949998Z"
   },
   {
      "Id":"a7a3e761-c570-428e-b17e-46a8fdb30f25",
      "TempratureCelcius":385.96835047284532,
      "SensorId":"SEN-001E",
      "CoreId":"001",
      "EventTime":"2019-10-09T16:54:20.0750773Z"
   },
   {
      "Id":"44b114df-9c81-4eba-b148-1f92b5e42044",
      "TempratureCelcius":166.61393221775717,
      "SensorId":"SEN-001E",
      "CoreId":"001",
      "EventTime":"2019-10-09T16:54:20.2000182Z"
   },
   {
      "Id":"94284fda-1a10-4a45-adaa-5e41b23e0958",
      "TempratureCelcius":332.19253990435624,
      "SensorId":"SEN-001E",
      "CoreId":"001",
      "EventTime":"2019-10-09T16:54:20.3249788Z"
   },
   {
      "Id":"f76fab91-bf35-4b87-bcfb-a93d20352a12",
      "TempratureCelcius":445.72131945552366,
      "SensorId":"SEN-001E",
      "CoreId":"001",
      "EventTime":"2019-10-09T16:54:20.4443755Z"
   },
   {
      "Id":"d11271de-c1c7-4bd2-8964-f5c9d88e5298",
      "TempratureCelcius":363.69539786302272,
      "SensorId":"SEN-001E",
      "CoreId":"001",
      "EventTime":"2019-10-09T16:54:20.5570942Z"
   },
   {
      "Id":"7003d28a-2718-45b1-a2e2-538f08c5351e",
      "TempratureCelcius":360.5208040031236,
      "SensorId":"SEN-001E",
      "CoreId":"001",
      "EventTime":"2019-10-09T16:54:20.6690622Z"
   },
   {
      "Id":"e64e0561-874d-45cd-ac3a-35f4ee57060b",
      "TempratureCelcius":436.77116054425534,
      "SensorId":"SEN-001E",
      "CoreId":"001",
      "EventTime":"2019-10-09T16:54:20.7884819Z"
   },
   {
      "Id":"bc45f179-5547-4060-8b50-73509e7649e7",
      "TempratureCelcius":264.05840807783341,
      "SensorId":"SEN-001E",
      "CoreId":"001",
      "EventTime":"2019-10-09T16:54:20.9003631Z"
   },
   {
      "Id":"22dea9cc-6c95-42da-8cf2-5ea680281b23",
      "TempratureCelcius":272.30562454662549,
      "SensorId":"SEN-001E",
      "CoreId":"001",
      "EventTime":"2019-10-09T16:54:21.0122751Z"
   },
   {
      "Id":"5b2c4e92-fc8e-44c2-92a4-4c0b99bb8b4a",
      "TempratureCelcius":440.53314812040571,
      "SensorId":"SEN-001E",
      "CoreId":"001",
      "EventTime":"2019-10-09T16:54:21.132236Z"
   },
   {
      "Id":"beffa25e-e913-4e5c-b072-5e597358a879",
      "TempratureCelcius":83.718882912639,
      "SensorId":"SEN-001E",
      "CoreId":"001",
      "EventTime":"2019-10-09T16:54:21.2465662Z"
   },
   {
      "Id":"1be0a11a-0be3-4505-9cac-75c5a3ba9bd9",
      "TempratureCelcius":180.65548375279434,
      "SensorId":"SEN-001E",
      "CoreId":"001",
      "EventTime":"2019-10-09T16:54:21.3672399Z"
   },
   {
      "Id":"dd67d9cf-9e46-40e3-9297-b380c4988cbe",
      "TempratureCelcius":345.46453947921492,
      "SensorId":"SEN-001E",
      "CoreId":"001",
      "EventTime":"2019-10-09T16:54:21.4799618Z"
   },
   {
      "Id":"d52d4c20-8b5e-46f5-bfb8-62f2399e5b50",
      "TempratureCelcius":194.99666401883434,
      "SensorId":"SEN-001E",
      "CoreId":"001",
      "EventTime":"2019-10-09T16:54:21.5921876Z"
   },
   {
      "Id":"8ece71db-08f7-4fe2-8e64-b749fef85e60",
      "TempratureCelcius":344.60781907877316,
      "SensorId":"SEN-001E",
      "CoreId":"001",
      "EventTime":"2019-10-09T16:54:21.7101168Z"
   },
   {
      "Id":"8b1b13ab-cc66-4750-b2e1-dbe62043ad3d",
      "TempratureCelcius":218.05494123513574,
      "SensorId":"SEN-001E",
      "CoreId":"001",
      "EventTime":"2019-10-09T16:54:21.8220449Z"
   },
   {
      "Id":"ab9e90b3-567c-453b-a560-f811e142d8f1",
      "TempratureCelcius":68.214773092518925,
      "SensorId":"SEN-001E",
      "CoreId":"001",
      "EventTime":"2019-10-09T16:54:21.9356599Z"
   },
   {
      "Id":"b7548819-9186-4ee5-b73b-4cf2abb6e35c",
      "TempratureCelcius":278.09229080010778,
      "SensorId":"SEN-001E",
      "CoreId":"001",
      "EventTime":"2019-10-09T16:54:22.0538944Z"
   },
   {
      "Id":"6558a238-f4f9-4d33-be8a-925f1bc5d26b",
      "TempratureCelcius":310.69756788699772,
      "SensorId":"SEN-001E",
      "CoreId":"001",
      "EventTime":"2019-10-09T16:54:22.1650505Z"
   },
   {
      "Id":"8403d6ee-172b-44a9-beef-3dc3294dade4",
      "TempratureCelcius":142.70306415516094,
      "SensorId":"SEN-001E",
      "CoreId":"001",
      "EventTime":"2019-10-09T16:54:22.2764216Z"
   },
   {
      "Id":"01931434-9f8f-4d6a-9cf4-c7350e13412a",
      "TempratureCelcius":77.625450108957224,
      "SensorId":"SEN-001E",
      "CoreId":"001",
      "EventTime":"2019-10-09T16:54:22.3886942Z"
   }
]