[{"Id": 5, "PostTypeId": "1", "CreationDate": "2014-05-13T23:58:30.457", "Score": 9, "ViewCount": 448, "LastActivityDate": "2014-05-14T00:36:31.077", "Title": "How can I do simple machine learning without hard-coding behavior?", "Tags": "<machine-learning>", "AnswerCount": 1, "CommentCount": 1, "FavoriteCount": 1, "ClosedDate": "2014-05-14T14:40:25.950"}, {"Id": 7, "PostTypeId": "1", "CreationDate": "2014-05-14T00:11:06.457", "Score": 4, "ViewCount": 388, "LastActivityDate": "2014-05-16T13:45:00.237", "Title": "What open-source books (or other materials) provide a relatively thorough overview of data science?", "Tags": "<education><open-source>", "AnswerCount": 3, "CommentCount": 4, "FavoriteCount": 1, "ClosedDate": "2014-05-14T08:40:54.950"}, {"Id": 9, "PostTypeId": "2", "CreationDate": "2014-05-14T00:36:31.077", "Score": 5, "LastActivityDate": "2014-05-14T00:36:31.077", "CommentCount": 0}, {"Id": 10, "PostTypeId": "2", "CreationDate": "2014-05-14T00:53:43.273", "Score": 12, "LastActivityDate": "2014-05-14T00:53:43.273", "CommentCount": 1}, {"Id": 14, "PostTypeId": "1", "CreationDate": "2014-05-14T01:25:59.677", "Score": 21, "ViewCount": 1243, "LastActivityDate": "2014-06-20T17:36:05.023", "Title": "Is Data Science the Same as Data Mining?", "Tags": "<data-mining><definitions>", "AnswerCount": 4, "CommentCount": 1, "FavoriteCount": 4}, {"Id": 15, "PostTypeId": "1", "CreationDate": "2014-05-14T01:41:23.110", "Score": 2, "ViewCount": 543, "LastActivityDate": "2014-05-14T01:41:23.110", "Title": "What are the advantages and disadvantages of SQL versus NoSQL in data science?", "Tags": "<databases>", "AnswerCount": 0, "CommentCount": 1, "ClosedDate": "2014-05-14T07:41:49.437"}, {"Id": 16, "PostTypeId": "1", "CreationDate": "2014-05-14T01:57:56.880", "Score": 18, "ViewCount": 322, "LastActivityDate": "2014-05-17T16:24:14.523", "Title": "Use liblinear on big data for semantic analysis", "Tags": "<machine-learning><bigdata><libsvm>", "AnswerCount": 2, "CommentCount": 0}, {"Id": 17, "PostTypeId": "5", "CreationDate": "2014-05-14T02:49:14.580", "Score": 0, "LastActivityDate": "2014-05-16T13:44:53.470", "CommentCount": 0}, {"Id": 18, "PostTypeId": "4", "CreationDate": "2014-05-14T02:49:14.580", "Score": 0, "LastActivityDate": "2014-05-14T02:49:14.580", "CommentCount": 0}, {"Id": 19, "PostTypeId": "1", "CreationDate": "2014-05-14T03:56:20.963", "Score": 73, "ViewCount": 7993, "LastActivityDate": "2018-05-01T13:04:43.563", "Title": "How big is big data?", "Tags": "<bigdata><scalability><efficiency><performance>", "AnswerCount": 12, "CommentCount": 5, "FavoriteCount": 20}, {"Id": 20, "PostTypeId": "1", "CreationDate": "2014-05-14T05:37:46.780", "Score": 17, "ViewCount": 311, "LastActivityDate": "2017-08-29T11:26:37.137", "Title": "the data on our relational DBMS is getting big, is it the time to move to NoSQL?", "Tags": "<nosql><relational-dbms>", "AnswerCount": 5, "CommentCount": 1, "FavoriteCount": 1}, {"Id": 21, "PostTypeId": "2", "CreationDate": "2014-05-14T05:44:29.340", "Score": 29, "LastActivityDate": "2014-05-14T05:44:29.340", "CommentCount": 0}, {"Id": 22, "PostTypeId": "1", "CreationDate": "2014-05-14T05:58:21.927", "Score": 99, "ViewCount": 105748, "LastActivityDate": "2018-07-11T11:22:26.170", "Title": "K-Means clustering for mixed numeric and categorical data", "Tags": "<data-mining><clustering><octave><k-means><categorical-data>", "AnswerCount": 9, "CommentCount": 3, "FavoriteCount": 80}, {"Id": 23, "PostTypeId": "2", "CreationDate": "2014-05-14T06:06:13.603", "Score": 8, "LastActivityDate": "2014-05-14T06:06:13.603", "CommentCount": 0}, {"Id": 24, "PostTypeId": "2", "CreationDate": "2014-05-14T06:26:27.163", "Score": 89, "LastActivityDate": "2016-11-29T20:06:51.543", "CommentCount": 9}, {"Id": 25, "PostTypeId": "2", "CreationDate": "2014-05-14T07:26:04.390", "Score": 7, "LastActivityDate": "2014-05-14T07:26:04.390", "CommentCount": 0}, {"Id": 26, "PostTypeId": "2", "CreationDate": "2014-05-14T07:38:31.103", "Score": 14, "LastActivityDate": "2014-05-14T11:03:51.577", "CommentCount": 0}, {"Id": 27, "PostTypeId": "2", "CreationDate": "2014-05-14T07:53:02.560", "Score": 10, "LastActivityDate": "2014-05-14T08:03:37.890", "CommentCount": 0}, {"Id": 28, "PostTypeId": "2", "CreationDate": "2014-05-14T07:55:40.133", "Score": 6, "LastActivityDate": "2014-05-14T07:55:40.133", "CommentCount": 0}, {"Id": 29, "PostTypeId": "2", "CreationDate": "2014-05-14T07:56:34.437", "Score": 24, "LastActivityDate": "2014-05-14T07:56:34.437", "CommentCount": 0}, {"Id": 30, "PostTypeId": "2", "CreationDate": "2014-05-14T08:03:28.117", "Score": 20, "LastActivityDate": "2014-05-14T18:30:59.180", "CommentCount": 3}, {"Id": 31, "PostTypeId": "1", "CreationDate": "2014-05-14T08:38:07.007", "Score": 9, "ViewCount": 1190, "LastActivityDate": "2014-05-15T05:49:39.140", "Title": "Clustering customer data stored in ElasticSearch", "Tags": "<data-mining><clustering>", "AnswerCount": 1, "CommentCount": 4, "FavoriteCount": 1}, {"Id": 33, "PostTypeId": "2", "CreationDate": "2014-05-14T09:34:15.477", "Score": 6, "LastActivityDate": "2017-08-29T11:26:37.137", "CommentCount": 0}, {"Id": 35, "PostTypeId": "1", "CreationDate": "2014-05-14T09:51:54.753", "Score": 18, "ViewCount": 346, "LastActivityDate": "2014-05-20T03:56:43.147", "Title": "How to scale up algorithm development?", "Tags": "<algorithms>", "AnswerCount": 3, "CommentCount": 0, "FavoriteCount": 3}, {"Id": 37, "PostTypeId": "2", "CreationDate": "2014-05-14T10:41:23.823", "Score": 77, "LastActivityDate": "2018-05-01T13:04:43.563", "CommentCount": 4}, {"Id": 38, "PostTypeId": "1", "CreationDate": "2014-05-14T10:44:58.933", "Score": 14, "ViewCount": 2985, "LastActivityDate": "2015-05-18T12:30:19.497", "Title": "What is the difference between Hadoop and noSQL", "Tags": "<nosql><tools><processing><apache-hadoop>", "AnswerCount": 2, "CommentCount": 2, "FavoriteCount": 2}, {"Id": 40, "PostTypeId": "2", "CreationDate": "2014-05-14T11:12:03.880", "Score": 8, "LastActivityDate": "2014-05-14T11:12:03.880", "CommentCount": 0}, {"Id": 41, "PostTypeId": "1", "CreationDate": "2014-05-14T11:15:40.907", "Score": 43, "ViewCount": 4571, "LastActivityDate": "2015-04-12T05:00:23.663", "Title": "Is the R language suitable for Big Data", "Tags": "<bigdata><r>", "AnswerCount": 8, "CommentCount": 1, "FavoriteCount": 18}, {"Id": 42, "PostTypeId": "2", "CreationDate": "2014-05-14T11:21:31.500", "Score": 5, "LastActivityDate": "2014-05-14T11:21:31.500", "CommentCount": 0}, {"Id": 43, "PostTypeId": "2", "CreationDate": "2014-05-14T11:23:25.913", "Score": 15, "LastActivityDate": "2015-05-18T12:30:19.497", "CommentCount": 0}, {"Id": 44, "PostTypeId": "2", "CreationDate": "2014-05-14T11:24:39.530", "Score": 40, "LastActivityDate": "2015-01-31T11:34:03.700", "CommentCount": 3}, {"Id": 45, "PostTypeId": "2", "CreationDate": "2014-05-14T11:26:40.580", "Score": 6, "LastActivityDate": "2014-05-14T11:33:27.770", "CommentCount": 0}, {"Id": 46, "PostTypeId": "2", "CreationDate": "2014-05-14T12:32:29.503", "Score": 11, "LastActivityDate": "2014-05-14T21:03:05.313", "CommentCount": 3}, {"Id": 47, "PostTypeId": "2", "CreationDate": "2014-05-14T12:39:41.197", "Score": 30, "LastActivityDate": "2014-05-14T12:39:41.197", "CommentCount": 1}, {"Id": 48, "PostTypeId": "5", "CreationDate": "2014-05-14T13:08:26.647", "Score": 0, "LastActivityDate": "2014-08-16T17:29:43.517", "CommentCount": 0}, {"Id": 49, "PostTypeId": "4", "CreationDate": "2014-05-14T13:08:26.647", "Score": 0, "LastActivityDate": "2014-08-15T16:38:27.880", "CommentCount": 0}, {"Id": 50, "PostTypeId": "1", "CreationDate": "2014-05-14T14:26:54.313", "Score": 6, "ViewCount": 490, "LastActivityDate": "2014-05-14T15:42:02.393", "Title": "Running an R script programmatically", "Tags": "<r><databases><efficiency><tools>", "AnswerCount": 2, "CommentCount": 1, "ClosedDate": "2017-08-29T10:27:14.067"}, {"Id": 51, "PostTypeId": "2", "CreationDate": "2014-05-14T14:48:32.180", "Score": 9, "LastActivityDate": "2014-05-14T14:57:32.243", "CommentCount": 2}, {"Id": 52, "PostTypeId": "1", "CreationDate": "2014-05-14T15:25:21.700", "Score": 33, "ViewCount": 2922, "LastActivityDate": "2017-01-23T06:27:10.313", "Title": "Organized processes to clean data", "Tags": "<r><data-cleaning>", "AnswerCount": 7, "CommentCount": 2, "FavoriteCount": 18}, {"Id": 53, "PostTypeId": "2", "CreationDate": "2014-05-14T15:42:02.393", "Score": 10, "LastActivityDate": "2014-05-14T15:42:02.393", "CommentCount": 0}, {"Id": 57, "PostTypeId": "2", "CreationDate": "2014-05-14T16:29:39.927", "Score": 16, "LastActivityDate": "2014-05-14T16:29:39.927", "CommentCount": 6}, {"Id": 58, "PostTypeId": "2", "CreationDate": "2014-05-14T17:06:33.337", "Score": 11, "LastActivityDate": "2014-05-14T17:06:33.337", "CommentCount": 1}, {"Id": 59, "PostTypeId": "1", "CreationDate": "2014-05-14T17:48:21.240", "Score": 10, "ViewCount": 964, "LastActivityDate": "2014-07-26T15:10:51.000", "Title": "What are R's memory constraints?", "Tags": "<apache-hadoop><r>", "AnswerCount": 3, "CommentCount": 1}, {"Id": 60, "PostTypeId": "2", "CreationDate": "2014-05-14T17:58:48.297", "Score": 7, "LastActivityDate": "2014-05-14T17:58:48.297", "CommentCount": 0}, {"Id": 61, "PostTypeId": "1", "CreationDate": "2014-05-14T18:09:01.940", "Score": 45, "ViewCount": 7809, "LastActivityDate": "2017-09-17T02:27:31.110", "Title": "Why Is Overfitting Bad in Machine Learning?", "Tags": "<machine-learning><predictive-modeling>", "AnswerCount": 8, "CommentCount": 16, "FavoriteCount": 17}, {"Id": 62, "PostTypeId": "2", "CreationDate": "2014-05-14T18:27:56.043", "Score": 43, "LastActivityDate": "2015-02-12T07:08:27.463", "CommentCount": 0}, {"Id": 64, "PostTypeId": "2", "CreationDate": "2014-05-14T18:37:52.333", "Score": 17, "LastActivityDate": "2014-05-15T23:22:39.427", "CommentCount": 0}, {"Id": 65, "PostTypeId": "5", "CreationDate": "2014-05-14T18:45:23.917", "Score": 0, "LastActivityDate": "2014-05-14T18:45:23.917", "CommentCount": 0}, {"Id": 66, "PostTypeId": "4", "CreationDate": "2014-05-14T18:45:23.917", "Score": 0, "LastActivityDate": "2014-05-16T13:45:57.450", "CommentCount": 0}, {"Id": 67, "PostTypeId": "5", "CreationDate": "2014-05-14T18:48:42.263", "Score": 0, "LastActivityDate": "2014-05-14T18:48:42.263", "CommentCount": 0}, {"Id": 68, "PostTypeId": "4", "CreationDate": "2014-05-14T18:48:42.263", "Score": 0, "LastActivityDate": "2014-05-14T18:48:42.263", "CommentCount": 0}, {"Id": 69, "PostTypeId": "1", "CreationDate": "2014-05-14T20:03:15.233", "Score": 2, "ViewCount": 80, "LastActivityDate": "2014-05-15T02:02:08.010", "Title": "Is it possible to automate generating reproducibility documentation?", "Tags": "<processing>", "AnswerCount": 1, "CommentCount": 2}, {"Id": 70, "PostTypeId": "2", "CreationDate": "2014-05-14T22:03:50.597", "Score": 2, "LastActivityDate": "2014-05-14T22:03:50.597", "CommentCount": 4}, {"Id": 71, "PostTypeId": "1", "CreationDate": "2014-05-14T22:12:37.203", "Score": 13, "ViewCount": 364, "LastActivityDate": "2014-05-15T08:25:47.933", "Title": "When are p-values deceptive?", "Tags": "<bigdata><statistics>", "AnswerCount": 3, "CommentCount": 3, "FavoriteCount": 3}, {"Id": 72, "PostTypeId": "2", "CreationDate": "2014-05-14T22:40:40.363", "Score": 5, "LastActivityDate": "2014-05-14T22:40:40.363", "CommentCount": 0}, {"Id": 73, "PostTypeId": "2", "CreationDate": "2014-05-14T22:43:23.587", "Score": 4, "LastActivityDate": "2014-05-14T22:43:23.587", "CommentCount": 0}, {"Id": 74, "PostTypeId": "2", "CreationDate": "2014-05-14T22:58:11.583", "Score": 2, "LastActivityDate": "2014-05-14T22:58:11.583", "CommentCount": 0}, {"Id": 75, "PostTypeId": "1", "CreationDate": "2014-05-15T00:26:11.387", "Score": 4, "ViewCount": 137, "LastActivityDate": "2014-05-15T20:32:26.923", "Title": "Is there a replacement for small p-values in big data?", "Tags": "<statistics>", "AnswerCount": 2, "CommentCount": 0, "FavoriteCount": 1}, {"Id": 76, "PostTypeId": "1", "CreationDate": "2014-05-15T00:39:33.433", "Score": 6, "ViewCount": 163, "LastActivityDate": "2014-05-18T15:18:08.050", "Title": "Which Big Data technology stack is most suitable for processing tweets, extracting/expanding URLs and pushing (only) new links into 3rd party system?", "Tags": "<bigdata><tools><data-stream-mining>", "AnswerCount": 1, "CommentCount": 6, "FavoriteCount": 1}, {"Id": 77, "PostTypeId": "1", "CreationDate": "2014-05-15T01:22:35.167", "Score": 9, "ViewCount": 572, "LastActivityDate": "2015-05-10T21:18:01.617", "Title": "Is this Neo4j comparison to RDBMS execution time correct?", "Tags": "<databases><nosql><neo4j>", "AnswerCount": 2, "CommentCount": 0, "FavoriteCount": 1}, {"Id": 78, "PostTypeId": "2", "CreationDate": "2014-05-15T01:46:28.467", "Score": 5, "LastActivityDate": "2014-05-15T01:46:28.467", "CommentCount": 0}, {"Id": 79, "PostTypeId": "5", "CreationDate": "2014-05-15T03:19:40.360", "Score": 0, "LastActivityDate": "2017-08-27T17:25:18.230", "CommentCount": 0}, {"Id": 80, "PostTypeId": "4", "CreationDate": "2014-05-15T03:19:40.360", "Score": 0, "LastActivityDate": "2014-05-16T13:46:05.850", "CommentCount": 0}, {"Id": 81, "PostTypeId": "1", "CreationDate": "2014-05-15T04:59:54.317", "Score": 15, "ViewCount": 591, "LastActivityDate": "2014-05-18T17:38:01.383", "Title": "Parallel and distributed computing", "Tags": "<definitions><parallel><distributed>", "AnswerCount": 3, "CommentCount": 0}, {"Id": 82, "PostTypeId": "2", "CreationDate": "2014-05-15T05:19:34.757", "Score": 16, "LastActivityDate": "2014-05-15T05:25:39.970", "CommentCount": 0}, {"Id": 83, "PostTypeId": "2", "CreationDate": "2014-05-15T07:47:44.710", "Score": 8, "LastActivityDate": "2014-05-15T07:59:05.497", "CommentCount": 0}, {"Id": 84, "PostTypeId": "2", "CreationDate": "2014-05-15T08:19:40.577", "Score": 8, "LastActivityDate": "2014-05-15T08:25:47.933", "CommentCount": 1}, {"Id": 85, "PostTypeId": "2", "CreationDate": "2014-05-15T08:44:47.327", "Score": 3, "LastActivityDate": "2014-05-15T20:32:26.923", "CommentCount": 1}, {"Id": 86, "PostTypeId": "1", "CreationDate": "2014-05-15T09:04:09.710", "Score": 12, "ViewCount": 1451, "LastActivityDate": "2014-05-15T21:41:22.703", "Title": "Clustering unique visitors by useragent, ip, session_id", "Tags": "<clustering>", "AnswerCount": 2, "CommentCount": 0, "FavoriteCount": 2}, {"Id": 87, "PostTypeId": "2", "CreationDate": "2014-05-15T09:30:36.460", "Score": 7, "LastActivityDate": "2014-05-15T09:30:36.460", "CommentCount": 0}, {"Id": 89, "PostTypeId": "1", "CreationDate": "2014-05-15T11:22:27.293", "Score": 10, "ViewCount": 334, "LastActivityDate": "2014-08-30T18:40:02.403", "Title": "How does a query into a huge database return with negligible latency?", "Tags": "<bigdata><google><search>", "AnswerCount": 3, "CommentCount": 0}, {"Id": 90, "PostTypeId": "2", "CreationDate": "2014-05-15T11:46:38.170", "Score": 4, "LastActivityDate": "2014-05-15T11:46:38.170", "CommentCount": 0}, {"Id": 91, "PostTypeId": "2", "CreationDate": "2014-05-15T11:56:43.607", "Score": 12, "LastActivityDate": "2014-05-16T04:33:52.310", "CommentCount": 2}, {"Id": 92, "PostTypeId": "2", "CreationDate": "2014-05-15T13:18:38.693", "Score": 9, "LastActivityDate": "2014-05-15T13:18:38.693", "CommentCount": 3}, {"Id": 93, "PostTypeId": "2", "CreationDate": "2014-05-15T13:30:04.270", "Score": 6, "LastActivityDate": "2014-05-15T13:30:04.270", "CommentCount": 3}, {"Id": 94, "PostTypeId": "1", "CreationDate": "2014-05-15T14:41:24.020", "Score": 17, "ViewCount": 223, "LastActivityDate": "2015-11-23T15:36:28.760", "Title": "Does click frequency account for relevance?", "Tags": "<recommender-system><information-retrieval>", "AnswerCount": 3, "CommentCount": 0, "FavoriteCount": 1}, {"Id": 95, "PostTypeId": "2", "CreationDate": "2014-05-15T15:06:24.600", "Score": 5, "LastActivityDate": "2014-05-15T15:06:24.600", "CommentCount": 0}, {"Id": 96, "PostTypeId": "2", "CreationDate": "2014-05-15T15:10:30.243", "Score": 7, "LastActivityDate": "2015-11-23T15:36:28.760", "CommentCount": 0}, {"Id": 97, "PostTypeId": "2", "CreationDate": "2014-05-15T17:14:36.817", "Score": 14, "LastActivityDate": "2014-05-15T23:08:04.300", "CommentCount": 0}, {"Id": 101, "PostTypeId": "2", "CreationDate": "2014-05-15T21:41:22.703", "Score": 8, "LastActivityDate": "2014-05-15T21:41:22.703", "CommentCount": 2}, {"Id": 102, "PostTypeId": "1", "CreationDate": "2014-05-16T05:09:33.557", "Score": 6, "ViewCount": 449, "LastActivityDate": "2016-12-09T21:55:46.000", "Title": "What is the Best NoSQL backend for a mobile game", "Tags": "<nosql><performance>", "AnswerCount": 1, "CommentCount": 3}, {"Id": 103, "PostTypeId": "1", "CreationDate": "2014-05-16T14:26:12.270", "Score": 16, "ViewCount": 3861, "LastActivityDate": "2014-06-25T15:53:30.723", "Title": "Clustering based on similarity scores", "Tags": "<clustering><algorithms><similarity>", "AnswerCount": 4, "CommentCount": 7, "FavoriteCount": 2}, {"Id": 104, "PostTypeId": "5", "CreationDate": "2014-05-16T15:35:51.420", "Score": 0, "LastActivityDate": "2014-05-20T13:50:52.447", "CommentCount": 0}, {"Id": 105, "PostTypeId": "4", "CreationDate": "2014-05-16T15:35:51.420", "Score": 0, "LastActivityDate": "2014-05-20T13:53:05.697", "CommentCount": 0}, {"Id": 106, "PostTypeId": "2", "CreationDate": "2014-05-16T16:25:58.250", "Score": 6, "LastActivityDate": "2014-05-16T16:25:58.250", "CommentCount": 0}, {"Id": 107, "PostTypeId": "1", "CreationDate": "2014-05-16T20:07:50.983", "Score": 11, "ViewCount": 103, "LastActivityDate": "2014-05-19T07:33:50.080", "Title": "Opensource tools for help in mining stream of leader board scores", "Tags": "<tools><data-stream-mining>", "AnswerCount": 2, "CommentCount": 0}, {"Id": 108, "PostTypeId": "5", "CreationDate": "2014-05-16T20:24:38.980", "Score": 1, "LastActivityDate": "2014-05-16T20:24:38.980", "CommentCount": 0}, {"Id": 109, "PostTypeId": "4", "CreationDate": "2014-05-16T20:24:38.980", "Score": 0, "LastActivityDate": "2014-05-20T13:52:00.620", "CommentCount": 0}, {"Id": 111, "PostTypeId": "2", "CreationDate": "2014-05-17T03:07:59.707", "Score": 8, "LastActivityDate": "2014-05-18T06:43:52.453", "CommentCount": 1}, {"Id": 112, "PostTypeId": "2", "CreationDate": "2014-05-17T04:18:10.020", "Score": 8, "LastActivityDate": "2014-05-17T04:18:10.020", "CommentCount": 1}, {"Id": 113, "PostTypeId": "1", "CreationDate": "2014-05-17T04:53:03.913", "Score": 14, "ViewCount": 176, "LastActivityDate": "2017-06-05T19:30:23.440", "Title": "When a relational database has better performance than a no relational", "Tags": "<bigdata><performance><databases><nosql>", "AnswerCount": 1, "CommentCount": 2}, {"Id": 115, "PostTypeId": "1", "CreationDate": "2014-05-17T08:45:08.420", "Score": 10, "ViewCount": 1135, "LastActivityDate": "2014-05-18T06:54:08.560", "Title": "Is there any APIs for crawling abstract of paper?", "Tags": "<data-mining><machine-learning>", "AnswerCount": 2, "CommentCount": 5, "FavoriteCount": 1}, {"Id": 116, "PostTypeId": "1", "CreationDate": "2014-05-17T09:16:18.823", "Score": 26, "ViewCount": 2666, "LastActivityDate": "2016-04-28T06:18:44.780", "Title": "Machine learning techniques for estimating users' age based on Facebook sites they like", "Tags": "<machine-learning><dimensionality-reduction><python>", "AnswerCount": 6, "CommentCount": 3, "FavoriteCount": 10}, {"Id": 118, "PostTypeId": "5", "CreationDate": "2014-05-17T13:41:20.283", "Score": 0, "LastActivityDate": "2017-08-27T17:25:05.257", "CommentCount": 0}, {"Id": 119, "PostTypeId": "4", "CreationDate": "2014-05-17T13:41:20.283", "Score": 0, "LastActivityDate": "2014-05-17T13:41:20.283", "CommentCount": 0}, {"Id": 120, "PostTypeId": "2", "CreationDate": "2014-05-17T18:15:11.937", "Score": 5, "LastActivityDate": "2014-05-17T18:15:11.937", "CommentCount": 1}, {"Id": 121, "PostTypeId": "2", "CreationDate": "2014-05-17T18:53:30.123", "Score": 17, "LastActivityDate": "2014-05-17T18:53:30.123", "CommentCount": 2}, {"Id": 122, "PostTypeId": "2", "CreationDate": "2014-05-17T20:56:15.577", "Score": 10, "LastActivityDate": "2014-05-17T20:56:15.577", "CommentCount": 0}, {"Id": 123, "PostTypeId": "5", "CreationDate": "2014-05-17T21:10:41.990", "Score": 0, "LastActivityDate": "2014-05-20T13:50:21.763", "CommentCount": 0}, {"Id": 124, "PostTypeId": "4", "CreationDate": "2014-05-17T21:10:41.990", "Score": 0, "LastActivityDate": "2014-05-20T13:50:19.543", "CommentCount": 0}]