<?xml version='1.0' encoding='utf-8'?>
<Users><row AccountId="-1" CreationDate="2014-05-13T21:29:22.820" DownVotes="679" Id="-1" LastAccessDate="2014-05-13T21:29:22.820" Location="on the server farm" Reputation="1" UpVotes="780" Views="0"><DisplayName>Community</DisplayName><WebsiteUrl>http://meta.stackexchange.com/</WebsiteUrl></row>
  <row AccountId="37099" CreationDate="2014-05-13T22:58:54.810" DownVotes="0" Id="1" LastAccessDate="2018-08-19T18:07:35.607" Location="New York, NY" ProfileImageUrl="https://i.stack.imgur.com/SMEGn.jpg?s=128&amp;g=1" Reputation="101" UpVotes="0" Views="256"><DisplayName>Adam Lear</DisplayName></row>
  <row AccountId="2" CreationDate="2014-05-13T22:59:19.787" DownVotes="0" Id="2" LastAccessDate="2017-12-19T18:52:19.423" Location="Corvallis, OR" ProfileImageUrl="https://i.stack.imgur.com/nDllk.png" Reputation="101" UpVotes="0" Views="7"><DisplayName>Geoff Dalgas</DisplayName><WebsiteUrl>http://stackoverflow.com</WebsiteUrl></row>
  <row AccountId="3046327" CreationDate="2014-05-13T23:15:34.483" DownVotes="3" Id="3" LastAccessDate="2018-02-21T21:19:57.513" ProfileImageUrl="https://i.stack.imgur.com/JVj4n.png?s=256&amp;g=1" Reputation="101" UpVotes="1" Views="6"><DisplayName>hichris123</DisplayName></row>
  <row AccountId="2365" CreationDate="2014-05-13T23:16:09.937" DownVotes="0" Id="4" LastAccessDate="2014-08-04T15:25:54.810" Location="Republic of Texas" Reputation="101" UpVotes="0" Views="8"><DisplayName>Ben Collins</DisplayName><WebsiteUrl>http://benjamincollins.com</WebsiteUrl></row>
  <row AccountId="1266491" CreationDate="2014-05-13T23:16:11.013" DownVotes="2" Id="5" LastAccessDate="2018-08-01T15:02:19.293" Location="Texas, US" ProfileImageUrl="https://i.stack.imgur.com/pqRUk.png?s=128&amp;g=1" Reputation="152" UpVotes="1" Views="26"><DisplayName>Doorknob</DisplayName><WebsiteUrl>http://keyboardfire.com</WebsiteUrl></row>
  <row AccountId="935589" CreationDate="2014-05-13T23:16:26.517" DownVotes="1" Id="6" LastAccessDate="2018-07-13T13:16:36.830" Location="Reading, England" ProfileImageUrl="https://i.stack.imgur.com/vAAS0.png?s=128&amp;g=1" Reputation="101" UpVotes="10" Views="10"><DisplayName>gerrit</DisplayName><WebsiteUrl>http://www.topjaklont.org/</WebsiteUrl></row>
  <row AccountId="1703573" CreationDate="2014-05-13T23:17:05.443" DownVotes="1" Id="7" LastAccessDate="2018-08-30T14:44:14.513" Reputation="101" UpVotes="2" Views="4"><DisplayName>Undo</DisplayName><WebsiteUrl>http://keybase.io/undo</WebsiteUrl></row>
  <row AccountId="1083" CreationDate="2014-05-13T23:17:26.850" DownVotes="0" Id="8" LastAccessDate="2017-11-28T19:01:35.690" Location="Downtown Burbank" Reputation="101" UpVotes="0" Views="2"><DisplayName>Jon Ericson</DisplayName><WebsiteUrl>http://jericson.github.io/</WebsiteUrl></row>
  <row AccountId="1369656" CreationDate="2014-05-13T23:18:21.653" DownVotes="0" Id="9" LastAccessDate="2018-05-01T13:04:31.720" Location="Canada" Reputation="952" UpVotes="2" Views="18"><DisplayName>rolfl</DisplayName><WebsiteUrl>http://stackexchange.com/users/1369656/rolfl</WebsiteUrl></row>
  <row AccountId="168972" CreationDate="2014-05-13T23:18:31.953" DownVotes="0" Id="10" LastAccessDate="2018-08-27T19:56:52.823" Location="Eau Claire, WI" Reputation="101" UpVotes="1" Views="3"><DisplayName>Dave Kincaid</DisplayName><WebsiteUrl>http://dkincaid.github.io</WebsiteUrl></row>
  <row AccountId="384734" CreationDate="2014-05-13T23:20:53.387" DownVotes="0" Id="11" LastAccessDate="2018-08-26T01:54:18.140" Location="Dubai - United Arab Emirates" ProfileImageUrl="https://i.stack.imgur.com/zwWOw.jpg?s=128&amp;g=1" Reputation="198" UpVotes="10" Views="8"><DisplayName>Yavar</DisplayName><WebsiteUrl>http://www.linkedin.com/pub/yavar-husain/5/805/151</WebsiteUrl></row>
  <row AccountId="463168" CreationDate="2014-05-13T23:21:22.017" DownVotes="0" Id="12" LastAccessDate="2018-04-02T21:34:06.720" Location="Salt Lake City, UT" ProfileImageUrl="https://i.stack.imgur.com/AxwMh.jpg?s=128&amp;g=1" Reputation="101" UpVotes="0" Views="1"><DisplayName>hairboat</DisplayName></row>
  <row AccountId="92888" CreationDate="2014-05-13T23:24:41.720" DownVotes="0" Id="14" LastAccessDate="2018-06-27T01:16:38.020" ProfileImageUrl="https://www.gravatar.com/avatar/57c9acf14c37980e37e3d5d030cdd658?s=128&amp;d=identicon&amp;r=PG" Reputation="1882" UpVotes="31" Views="74"><DisplayName>Tim Goodman</DisplayName></row>
  <row AccountId="246792" CreationDate="2014-05-13T23:25:18.390" DownVotes="0" Id="15" LastAccessDate="2018-04-30T23:39:33.970" Location="Atlanta, GA, United States" Reputation="101" UpVotes="3" Views="1"><DisplayName>Tony Boyles</DisplayName><WebsiteUrl>http://anthony.boyles.cc</WebsiteUrl></row>
  <row AccountId="851" CreationDate="2014-05-13T23:25:24.423" DownVotes="0" Id="16" LastAccessDate="2018-05-27T23:02:29.253" ProfileImageUrl="https://i.stack.imgur.com/C1Po8.gif" Reputation="101" UpVotes="0" Views="1"><DisplayName>user16</DisplayName><WebsiteUrl /></row>
  <row AccountId="141826" CreationDate="2014-05-13T23:25:26.320" DownVotes="0" Id="17" LastAccessDate="2018-08-08T04:03:42.623" Location="Bremen, Germany" Reputation="126" UpVotes="0" Views="3"><DisplayName>Matias Valdenegro</DisplayName><WebsiteUrl>http://mvaldenegro.github.io</WebsiteUrl></row>
  <row AccountId="164368" CreationDate="2014-05-13T23:27:57.393" DownVotes="2" Id="18" LastAccessDate="2018-07-27T06:53:34.257" ProfileImageUrl="https://i.stack.imgur.com/cFyP6.jpg?s=128&amp;g=1" Reputation="101" UpVotes="9" Views="1"><DisplayName>Gilles</DisplayName><WebsiteUrl>http://stackexchange.com/users/164368</WebsiteUrl></row>
  <row AccountId="1357744" CreationDate="2014-05-13T23:29:01.660" DownVotes="0" Id="19" LastAccessDate="2015-05-26T17:14:17.017" ProfileImageUrl="https://www.gravatar.com/avatar/25629f0c8cc28f73be0c0777ed6f9571?s=128&amp;d=identicon&amp;r=PG" Reputation="101" UpVotes="3" Views="1"><DisplayName>Max Ionov</DisplayName></row>
  <row AccountId="3110483" CreationDate="2014-05-13T23:30:33.990" DownVotes="1" Id="20" LastAccessDate="2014-05-14T21:41:38.853" Location="The Future" ProfileImageUrl="https://i.stack.imgur.com/esQni.jpg?s=128&amp;g=1" Reputation="101" UpVotes="1" Views="1"><DisplayName>TheDoctor</DisplayName><WebsiteUrl>http://redteamgreen.blogspot.com/</WebsiteUrl></row>
  <row AccountId="25066" CreationDate="2014-05-13T23:30:57.300" DownVotes="138" Id="21" LastAccessDate="2018-09-01T23:02:57.087" Location="Austin, TX, United States" Reputation="3874" UpVotes="794" Views="807"><DisplayName>Sean Owen</DisplayName></row>
  <row AccountId="2876998" CreationDate="2014-05-13T23:37:18.040" DownVotes="1" Id="22" LastAccessDate="2018-04-24T20:17:13.097" Location="San Mateo, CA" ProfileImageUrl="https://i.stack.imgur.com/TrZRT.jpg" Reputation="303" UpVotes="18" Views="13"><DisplayName>Nick Peterson</DisplayName><WebsiteUrl>http://nrpeterson.info</WebsiteUrl></row>
  <row AccountId="82500" CreationDate="2014-05-13T23:37:56.217" DownVotes="0" Id="23" LastAccessDate="2017-04-09T19:09:49.120" Location="San Francisco Bay Area" Reputation="101" UpVotes="1" Views="2"><DisplayName>zengr</DisplayName></row>
  <row AccountId="357628" CreationDate="2014-05-13T23:40:15.857" DownVotes="0" Id="24" LastAccessDate="2018-06-08T02:52:12.007" Location="Japan" Reputation="171" UpVotes="6" Views="4"><DisplayName>buruzaemon</DisplayName><WebsiteUrl>https://github.com/buruzaemon</WebsiteUrl></row>
  <row AccountId="1849196" CreationDate="2014-05-13T23:41:11.490" DownVotes="0" Id="25" LastAccessDate="2014-09-13T17:31:25.853" ProfileImageUrl="https://www.gravatar.com/avatar/37dedbdc308a5c3cd7a4266985a647d4?s=128&amp;d=identicon&amp;r=PG&amp;f=1" Reputation="101" UpVotes="0" Views="1"><DisplayName>kabb</DisplayName></row>
  <row AccountId="2048845" CreationDate="2014-05-13T23:41:54.430" DownVotes="3" Id="26" LastAccessDate="2018-08-20T12:59:02.433" ProfileImageUrl="https://i.stack.imgur.com/S6fiE.png?s=128&amp;g=1" Reputation="2124" UpVotes="52" Views="88"><DisplayName>Alex I</DisplayName></row>
  <row AccountId="3035593" CreationDate="2014-05-13T23:42:08.317" DownVotes="0" Id="27" LastAccessDate="2014-05-14T14:17:15.610" Location="Portland, OR, United States" Reputation="101" UpVotes="0" Views="1"><DisplayName>Cole</DisplayName></row>
  <row AccountId="508474" CreationDate="2014-05-13T23:48:32.030" DownVotes="0" Id="28" LastAccessDate="2014-06-29T21:54:12.353" Location="Guadalajara, Mexico" ProfileImageUrl="https://i.stack.imgur.com/oVH6m.jpg?s=128&amp;g=1" Reputation="101" UpVotes="1" Views="2"><DisplayName>JorgeArtware</DisplayName><WebsiteUrl>https://about.me/jorgeartware</WebsiteUrl></row>
  <row AccountId="30276" CreationDate="2014-05-13T23:49:30.673" DownVotes="0" Id="29" LastAccessDate="2018-07-02T19:49:15.403" Location="Circleville, OH" Reputation="101" UpVotes="1" Views="2"><DisplayName>Eric Wilson</DisplayName><WebsiteUrl>http://wilsonericn.wordpress.com</WebsiteUrl></row>
  <row AccountId="4623" CreationDate="2014-05-13T23:50:13.673" DownVotes="0" Id="30" LastAccessDate="2018-02-13T10:32:46.480" Location="Trento, Italy" Reputation="101" UpVotes="0" Views="6"><DisplayName>Sklivvz</DisplayName><WebsiteUrl>https://sklivvz.com</WebsiteUrl></row>
  <row AccountId="3003730" CreationDate="2014-05-13T23:50:14.023" DownVotes="0" Id="31" LastAccessDate="2014-06-24T06:11:54.010" ProfileImageUrl="https://graph.facebook.com/727866323/picture?type=large" Reputation="1" UpVotes="0" Views="9"><DisplayName>Olexandr Isayev</DisplayName></row>
  <row AccountId="2005857" CreationDate="2014-05-13T23:51:27.363" DownVotes="0" Id="32" LastAccessDate="2016-09-11T03:37:47.067" Location="Virginia" ProfileImageUrl="https://www.gravatar.com/avatar/2cb847994925a38192b53ade1a856631?s=128&amp;d=identicon&amp;r=PG" Reputation="101" UpVotes="0" Views="2"><DisplayName>Adam Barthelson</DisplayName><WebsiteUrl>http://www.linkedin.com/in/adambarthelson/</WebsiteUrl></row>
  <row AccountId="240133" CreationDate="2014-05-13T23:52:28.653" DownVotes="0" Id="33" LastAccessDate="2017-03-19T19:57:03.613" ProfileImageUrl="https://www.gravatar.com/avatar/5e7d07a5c973dc73e801bf2c3e3db34f?s=128&amp;d=identicon&amp;r=PG" Reputation="101" UpVotes="0" Views="1"><DisplayName>Uri Laserson</DisplayName></row>
  <row AccountId="178774" CreationDate="2014-05-13T23:52:38.693" DownVotes="0" Id="34" LastAccessDate="2018-01-15T17:13:20.597" Location="USA" ProfileImageUrl="https://i.stack.imgur.com/VJMpT.jpg?s=128&amp;g=1" Reputation="166" UpVotes="5" Views="3"><DisplayName>Vass</DisplayName></row>
  <row AccountId="140824" CreationDate="2014-05-13T23:54:11.350" DownVotes="0" Id="35" LastAccessDate="2017-09-01T17:07:42.177" Location="New York, NY, United States" ProfileImageUrl="https://i.stack.imgur.com/BT5ZS.png?s=128&amp;g=1" Reputation="101" UpVotes="0" Views="1"><DisplayName>Jaydles</DisplayName><WebsiteUrl>https://blog.stackexchange.com/authors/jhanlon/</WebsiteUrl></row>
  <row AccountId="2517426" CreationDate="2014-05-13T23:54:47.373" DownVotes="3" Id="36" LastAccessDate="2018-07-23T01:57:05.613" Location="Princeton, NJ, United States" ProfileImageUrl="https://i.stack.imgur.com/8On2q.png?s=128&amp;g=1" Reputation="267" UpVotes="7" Views="24"><DisplayName>statsRus</DisplayName><WebsiteUrl>http://ethanfosse.blogspot.com</WebsiteUrl></row>
  <row AccountId="66968" CreationDate="2014-05-13T23:54:59.453" DownVotes="0" Id="37" LastAccessDate="2017-09-07T13:58:03.490" Reputation="105" UpVotes="3" Views="5"><DisplayName>Revious</DisplayName></row>
  <row AccountId="3171311" CreationDate="2014-05-13T23:55:25.117" DownVotes="3" Id="38" LastAccessDate="2015-12-23T14:19:16.467" Location="Charleston, SC, USA" ProfileImageUrl="https://i.stack.imgur.com/K877D.png" Reputation="101" UpVotes="123" Views="1"><DisplayName>Josh Crozier</DisplayName></row>
  <row AccountId="1950386" CreationDate="2014-05-14T00:00:41.157" DownVotes="0" Id="39" LastAccessDate="2014-06-12T21:00:47.113" ProfileImageUrl="https://www.gravatar.com/avatar/867bb3f9076574a8d858117a8339cbac?s=128&amp;d=identicon&amp;r=PG" Reputation="101" UpVotes="0" Views="1"><DisplayName>user1754606</DisplayName></row>
  <row AccountId="542447" CreationDate="2014-05-14T00:03:00.530" DownVotes="0" Id="40" LastAccessDate="2014-05-14T00:22:25.890" ProfileImageUrl="https://www.gravatar.com/avatar/998a8be4d2d156a4efebfcc4c54648a6?s=128&amp;d=identicon&amp;r=PG" Reputation="1" UpVotes="0" Views="1"><DisplayName>rateldajer</DisplayName><WebsiteUrl>http://markcrowley.ca</WebsiteUrl></row>
  <row AccountId="2415655" CreationDate="2014-05-14T00:08:10.747" DownVotes="0" Id="41" LastAccessDate="2017-11-22T17:37:29.333" Location="New York, NY, United States" ProfileImageUrl="https://i.stack.imgur.com/Rwhv1.jpg?s=128&amp;g=1" Reputation="101" UpVotes="2" Views="10"><DisplayName>Ana</DisplayName><WebsiteUrl>http://enemygatedown.com/</WebsiteUrl></row>
  <row AccountId="2100887" CreationDate="2014-05-14T00:11:32.677" DownVotes="0" Id="42" LastAccessDate="2014-05-15T17:53:27.440" ProfileImageUrl="https://www.gravatar.com/avatar/ddd0a208f320592f17bc2aa36d7f62b4?s=128&amp;d=identicon&amp;r=PG" Reputation="1" UpVotes="0" Views="1"><DisplayName>Max Makarochkin</DisplayName></row>
  <row AccountId="427095" CreationDate="2014-05-14T00:12:51.907" DownVotes="0" Id="43" LastAccessDate="2017-08-18T14:20:28.160" Location="Bruxelles, Belgique" Reputation="101" UpVotes="6" Views="3"><DisplayName>cynddl</DisplayName><WebsiteUrl>https://rocher.lc</WebsiteUrl></row>
  <row AccountId="3115497" CreationDate="2014-05-14T00:19:21.610" DownVotes="0" Id="45" LastAccessDate="2014-05-20T20:50:23.343" ProfileImageUrl="https://www.gravatar.com/avatar/0903e1b9f19b3da726fee63af3bc5339?s=128&amp;d=identicon&amp;r=PG" Reputation="101" UpVotes="0" Views="1"><DisplayName>user88377</DisplayName></row>
  <row AccountId="19662" CreationDate="2014-05-14T00:23:09.040" DownVotes="0" Id="46" LastAccessDate="2014-09-30T22:58:43.960" Location="Mountain Home, WY" ProfileImageUrl="https://www.gravatar.com/avatar/18868fc9be677c8614bac77c75a2b274?s=128&amp;d=identicon&amp;r=PG" Reputation="101" UpVotes="4" Views="2"><DisplayName>WOPR</DisplayName><WebsiteUrl>https://tictactoe.wopr.mil</WebsiteUrl></row>
  <row AccountId="455662" CreationDate="2014-05-14T00:24:45.813" DownVotes="0" Id="47" LastAccessDate="2018-06-14T18:32:05.247" ProfileImageUrl="https://www.gravatar.com/avatar/ff9b77e9384eb22aa0932be8e98be875?s=128&amp;d=identicon&amp;r=PG" Reputation="101" UpVotes="0" Views="3"><DisplayName>ailnlv</DisplayName></row>
  <row AccountId="1668748" CreationDate="2014-05-14T00:26:47.340" DownVotes="3" Id="48" LastAccessDate="2016-12-16T07:59:46.710" ProfileImageUrl="https://www.gravatar.com/avatar/b69cab018771fa05b34d500d54e32fd6?s=128&amp;d=identicon&amp;r=PG" Reputation="101" UpVotes="0" Views="4"><DisplayName>senshin</DisplayName></row>
  <row AccountId="34933" CreationDate="2014-05-14T00:27:56.143" DownVotes="4" Id="50" LastAccessDate="2018-08-27T00:49:31.260" Location="Palm Bay, FL" Reputation="101" UpVotes="0" Views="8"><DisplayName>Robert Cartaino</DisplayName></row>
  <row AccountId="423006" CreationDate="2014-05-14T00:28:50.400" DownVotes="2" Id="51" LastAccessDate="2018-01-15T21:26:10.953" ProfileImageUrl="https://www.gravatar.com/avatar/a88d3e79b0f8dd6a9d1fafdcf68d5901?s=128&amp;d=identicon&amp;r=PG" Reputation="176" UpVotes="12" Views="10"><DisplayName>Ansari</DisplayName></row>
  <row AccountId="1425205" CreationDate="2014-05-14T00:29:31.397" DownVotes="0" Id="52" LastAccessDate="2018-06-25T13:54:23.697" Location="Philadelphia, PA" Reputation="146" UpVotes="3" Views="4"><DisplayName>Koba</DisplayName><WebsiteUrl>http://www.kobakhit.com/</WebsiteUrl></row>
  <row AccountId="1841194" CreationDate="2014-05-14T00:33:36.420" DownVotes="0" Id="53" LastAccessDate="2017-11-05T03:18:01.977" Location="Denver, CO" Reputation="374" UpVotes="10" Views="7"><DisplayName>Clayton</DisplayName></row>
  <row AccountId="4467497" CreationDate="2014-05-14T00:46:10.930" DownVotes="0" Id="54" LastAccessDate="2016-06-21T16:46:06.700" ProfileImageUrl="https://www.gravatar.com/avatar/8c01a208cd00f1561af674092473209b?s=128&amp;d=identicon&amp;r=PG&amp;f=1" Reputation="1" UpVotes="0" Views="1"><DisplayName>Daniel</DisplayName><WebsiteUrl /></row>
  <row AccountId="326925" CreationDate="2014-05-14T00:46:24.547" DownVotes="0" Id="55" LastAccessDate="2014-05-14T16:50:04.043" ProfileImageUrl="https://i.stack.imgur.com/DUiuD.jpg?s=128&amp;g=1" Reputation="101" UpVotes="0" Views="1"><DisplayName>leventov</DisplayName><WebsiteUrl>http://www.leventov.ru</WebsiteUrl></row>
  <row AccountId="3647613" CreationDate="2014-05-14T00:46:50.220" DownVotes="0" Id="56" LastAccessDate="2014-08-09T13:57:37.810" ProfileImageUrl="https://graph.facebook.com/100005258852854/picture?type=large" Reputation="1" UpVotes="0" Views="2"><DisplayName>user3040444</DisplayName></row>
  <row AccountId="949548" CreationDate="2014-05-14T00:52:21.890" DownVotes="0" Id="57" LastAccessDate="2018-08-29T03:15:05.600" ProfileImageUrl="https://www.gravatar.com/avatar/ca543db3a2ed006ac7bb00d3c8805a98?s=128&amp;d=identicon&amp;r=PG" Reputation="101" UpVotes="0" Views="1"><DisplayName>twfx</DisplayName></row>
  <row AccountId="4340631" CreationDate="2014-05-14T00:54:11.723" DownVotes="0" Id="58" LastAccessDate="2014-05-14T22:33:28.200" ProfileImageUrl="https://www.gravatar.com/avatar/917bc1480e0f9168ef74253fab1224b2?s=128&amp;d=identicon&amp;r=PG" Reputation="1" UpVotes="0" Views="2"><DisplayName>user43946</DisplayName></row>
  <row AccountId="1636880" CreationDate="2014-05-14T00:55:08.797" DownVotes="0" Id="59" LastAccessDate="2018-08-14T19:32:36.063" Location="New York, United States" ProfileImageUrl="https://i.stack.imgur.com/ZG7nj.jpg?s=128&amp;g=1" Reputation="966" UpVotes="12" Views="20"><DisplayName>MCP_infiltrator</DisplayName></row>
  <row AccountId="3001493" CreationDate="2014-05-14T00:56:07.527" DownVotes="0" Id="60" LastAccessDate="2014-05-14T00:56:07.527" Location="Toronto" ProfileImageUrl="https://i.stack.imgur.com/iXtK8.jpg?s=128&amp;g=1" Reputation="101" UpVotes="0" Views="1"><DisplayName>NivF007</DisplayName><WebsiteUrl>http://FullStakJ.com</WebsiteUrl></row>
  <row AccountId="620" CreationDate="2014-05-14T00:57:50.840" DownVotes="1" Id="61" LastAccessDate="2017-10-09T17:11:02.843" Location="Colorado, United States" Reputation="101" UpVotes="0" Views="3"><DisplayName>Shog9</DisplayName><WebsiteUrl>http://shog9.com</WebsiteUrl></row>
  <row AccountId="1609527" CreationDate="2014-05-14T00:58:22.307" DownVotes="16" Id="62" LastAccessDate="2018-04-06T16:56:44.507" Location="Ann Arbor, MI, United States" ProfileImageUrl="https://i.stack.imgur.com/3G3oR.jpg?s=128&amp;g=1" Reputation="571" UpVotes="8" Views="84"><DisplayName>asheeshr</DisplayName><WebsiteUrl>http://in.linkedin.com/in/asheeshr</WebsiteUrl></row>
  <row AccountId="2640702" CreationDate="2014-05-14T01:03:53.753" DownVotes="0" Id="63" LastAccessDate="2018-07-26T05:34:17.010" ProfileImageUrl="https://i.stack.imgur.com/AQO95.jpg" Reputation="195" UpVotes="4" Views="4"><DisplayName>Puffin GDI</DisplayName></row>
  <row AccountId="4078143" CreationDate="2014-05-14T01:07:20.883" DownVotes="0" Id="64" LastAccessDate="2017-02-16T17:59:08.513" ProfileImageUrl="https://www.gravatar.com/avatar/76a0a9765da493662eb569b4108dd8c5?s=128&amp;d=identicon&amp;r=PG&amp;f=1" Reputation="50" UpVotes="2" Views="3"><DisplayName>Dan C</DisplayName></row>
  <row AccountId="2415527" CreationDate="2014-05-14T01:10:32.410" DownVotes="0" Id="65" LastAccessDate="2016-05-21T07:25:58.177" ProfileImageUrl="https://www.gravatar.com/avatar/f64991dd92c4a9c9f1647ed456b7998f?s=128&amp;d=identicon&amp;r=PG" Reputation="101" UpVotes="0" Views="2"><DisplayName>Saul</DisplayName></row>
  <row AccountId="84539" CreationDate="2014-05-14T01:14:14.013" DownVotes="0" Id="66" LastAccessDate="2018-07-21T11:45:42.407" Location="United States" Reputation="225" UpVotes="6" Views="5"><DisplayName>demongolem</DisplayName></row>
  <row AccountId="38872" CreationDate="2014-05-14T01:29:11.433" DownVotes="0" Id="67" LastAccessDate="2014-05-14T02:03:08.510" Location="Richmond, VA" ProfileImageUrl="https://www.gravatar.com/avatar/b9f2be7f6830a360c6658de04f63bea6?s=128&amp;d=identicon&amp;r=PG" Reputation="101" UpVotes="0" Views="1"><DisplayName>Stuart</DisplayName></row>
  <row AccountId="26626" CreationDate="2014-05-14T01:35:31.940" DownVotes="0" Id="68" LastAccessDate="2018-07-11T04:31:00.537" ProfileImageUrl="https://www.gravatar.com/avatar/6e4378ab3ae87d75157f8d84efdd6711?s=128&amp;d=identicon&amp;r=PG" Reputation="101" UpVotes="0" Views="1"><DisplayName>JDU</DisplayName></row>
  <row AccountId="458885" CreationDate="2014-05-14T01:40:28.780" DownVotes="0" Id="69" LastAccessDate="2014-05-14T04:26:39.700" ProfileImageUrl="https://www.gravatar.com/avatar/047840022674ff185735db7daea4406a?s=128&amp;d=identicon&amp;r=PG" Reputation="101" UpVotes="1" Views="1"><DisplayName>Rob Hoare</DisplayName></row>
  <row AccountId="2886075" CreationDate="2014-05-14T01:46:33.170" DownVotes="0" Id="70" LastAccessDate="2017-06-24T03:19:37.023" Location="Houston" ProfileImageUrl="https://www.gravatar.com/avatar/94af32507b7d4a944908b6e6929008ee?s=128&amp;d=identicon&amp;r=PG" Reputation="181" UpVotes="11" Views="2"><DisplayName>Apollo</DisplayName><WebsiteUrl>http://darkemediagroup.com</WebsiteUrl></row>
  <row AccountId="399801" CreationDate="2014-05-14T01:52:05.273" DownVotes="0" Id="71" LastAccessDate="2018-08-08T06:23:08.793" Location="Hong Kong" ProfileImageUrl="https://www.gravatar.com/avatar/8017ec48b053018d141c3d610c106c3b?s=128&amp;d=identicon&amp;r=PG" Reputation="143" UpVotes="4" Views="2"><DisplayName>wdg</DisplayName></row>
  <row AccountId="183318" CreationDate="2014-05-14T01:53:39.940" DownVotes="0" Id="72" LastAccessDate="2014-09-23T14:30:19.960" Location="Milwaukee, WI" ProfileImageUrl="https://www.gravatar.com/avatar/4eb362594e54a455f288f81b65e76b4b?s=128&amp;d=identicon&amp;r=PG" Reputation="101" UpVotes="4" Views="1"><DisplayName>jimmym715</DisplayName><WebsiteUrl>http://www.linkedin.com/in/mallmann</WebsiteUrl></row>
  <row AccountId="78873" CreationDate="2014-05-14T01:54:06.323" DownVotes="0" Id="73" LastAccessDate="2014-06-11T15:57:42.050" Location="Chicago, IL" ProfileImageUrl="https://www.gravatar.com/avatar/a0ed90e0222a9043a070d2431a539a89?s=128&amp;d=identicon&amp;r=PG" Reputation="1" UpVotes="0" Views="2"><DisplayName>Sanjay Ginde</DisplayName><WebsiteUrl>http://sanjayginde.squarespace.com</WebsiteUrl></row>
  <row AccountId="2748037" CreationDate="2014-05-14T02:11:52.550" DownVotes="0" Id="74" LastAccessDate="2014-05-14T02:11:52.550" Location="Atlanta, GA / Boston, MA" ProfileImageUrl="https://www.gravatar.com/avatar/75088a57341c179a1de41680d7dbfcda?s=128&amp;d=identicon&amp;r=PG" Reputation="1" UpVotes="0" Views="1"><DisplayName>pkerl</DisplayName><WebsiteUrl>http://twitter.com/pykerl</WebsiteUrl></row>
  <row AccountId="1429013" CreationDate="2014-05-14T02:15:03.563" DownVotes="3" Id="75" LastAccessDate="2018-08-25T12:00:22.700" Location="Canada" Reputation="687" UpVotes="79" Views="67"><DisplayName>Shagun Sodhani</DisplayName><WebsiteUrl>https://shagunsodhani.in/</WebsiteUrl></row>
  <row AccountId="3792255" CreationDate="2014-05-14T02:16:45.550" DownVotes="0" Id="76" LastAccessDate="2018-03-30T06:39:15.737" Location="Cyberjaya Selangor Malaysia" ProfileImageUrl="https://i.stack.imgur.com/LkKxK.jpg?s=128&amp;g=1" Reputation="101" UpVotes="0" Views="1"><DisplayName>Nour</DisplayName><WebsiteUrl>http://my.linkedin.com/in/nourdt</WebsiteUrl></row>
  <row AccountId="49383" CreationDate="2014-05-14T02:31:42.773" DownVotes="0" Id="77" LastAccessDate="2018-08-23T01:05:39.737" ProfileImageUrl="https://i.stack.imgur.com/c7KoK.jpg" Reputation="76" UpVotes="34" Views="8"><DisplayName>Srikar Appalaraju</DisplayName><WebsiteUrl>http://srikar.wordpress.com</WebsiteUrl></row>
  <row AccountId="970" CreationDate="2014-05-14T02:32:20.483" DownVotes="0" Id="78" LastAccessDate="2018-06-15T02:38:45.417" Location="Charlotte, NC" Reputation="101" UpVotes="11" Views="4"><DisplayName>Bill the Lizard</DisplayName><WebsiteUrl>http://www.BillTheLizard.com</WebsiteUrl></row>
  <row AccountId="1715779" CreationDate="2014-05-14T02:48:32.760" DownVotes="0" Id="79" LastAccessDate="2015-08-14T16:18:58.107" Location="Bengaluru, Karnataka, India" Reputation="101" UpVotes="3" Views="2"><DisplayName>ThisIzKp</DisplayName></row>
  <row AccountId="3387953" CreationDate="2014-05-14T03:06:21.010" DownVotes="0" Id="80" LastAccessDate="2018-07-02T17:33:40.723" ProfileImageUrl="https://www.gravatar.com/avatar/b29b07aebdb5157aef19c5af0afb5483?s=128&amp;d=identicon&amp;r=PG&amp;f=1" Reputation="101" UpVotes="0" Views="2"><DisplayName>user2843520</DisplayName></row>
  <row AccountId="4356154" CreationDate="2014-05-14T03:07:51.703" DownVotes="0" Id="81" LastAccessDate="2014-06-12T12:13:31.337" ProfileImageUrl="https://www.gravatar.com/avatar/254e1029deddb0b675146bae0b311721?s=128&amp;d=identicon&amp;r=PG&amp;f=1" Reputation="1" UpVotes="0" Views="1"><DisplayName>user3554712</DisplayName></row>
  <row AccountId="514829" CreationDate="2014-05-14T03:16:48.710" DownVotes="0" Id="82" LastAccessDate="2018-08-31T10:44:35.320" Location="Wroclaw, Poland" Reputation="422" UpVotes="128" Views="12"><DisplayName>Damian Melniczuk</DisplayName><WebsiteUrl>http://data.melniczuk.eu/</WebsiteUrl></row>
  <row AccountId="1705277" CreationDate="2014-05-14T03:24:28.157" DownVotes="0" Id="83" LastAccessDate="2017-07-10T05:35:56.260" Location="Sydney, Australia" ProfileImageUrl="https://www.gravatar.com/avatar/fa4eda8044c652477c07fde37d5699b5?s=128&amp;d=identicon&amp;r=PG" Reputation="101" UpVotes="0" Views="1"><DisplayName>sashkello</DisplayName><WebsiteUrl>http://secretdruidsociety.org</WebsiteUrl></row>
  <row AccountId="1822136" CreationDate="2014-05-14T03:30:28.107" DownVotes="2" Id="84" LastAccessDate="2018-07-27T15:48:54.690" Location="Minas Gerais" Reputation="2557" UpVotes="373" Views="209"><DisplayName>Rubens</DisplayName><WebsiteUrl>http://dcc.ufmg.br/~rubens</WebsiteUrl></row>
  <row AccountId="7598" CreationDate="2014-05-14T03:32:28.697" DownVotes="0" Id="85" LastAccessDate="2017-03-09T14:40:40.450" Location="Winston-Salem, NC" ProfileImageUrl="https://i.stack.imgur.com/nGCYr.jpg?s=128&amp;g=1" Reputation="101" UpVotes="0" Views="1"><DisplayName>Nick Craver</DisplayName><WebsiteUrl>https://nickcraver.com/blog/</WebsiteUrl></row>
  <row AccountId="4200366" CreationDate="2014-05-14T03:59:47.193" DownVotes="0" Id="86" LastAccessDate="2014-05-22T07:24:39.850" Reputation="1" UpVotes="0" Views="0"><DisplayName>Derek Hodgson</DisplayName></row>
  <row AccountId="325297" CreationDate="2014-05-14T04:07:31.467" DownVotes="1" Id="87" LastAccessDate="2017-12-01T03:02:30.977" Location="United States" Reputation="101" UpVotes="28" Views="3"><DisplayName>jonsca</DisplayName></row>
  <row AccountId="963950" CreationDate="2014-05-14T04:11:57.413" DownVotes="0" Id="88" LastAccessDate="2017-05-25T07:45:05.033" ProfileImageUrl="https://www.gravatar.com/avatar/f244d83c6c44043718514221586862f7?s=128&amp;d=identicon&amp;r=PG" Reputation="438" UpVotes="5" Views="22"><DisplayName>Igor Bobriakov</DisplayName></row>
  <row AccountId="4148647" CreationDate="2014-05-14T04:39:54.360" DownVotes="0" Id="90" LastAccessDate="2018-03-13T21:39:37.980" ProfileImageUrl="https://www.gravatar.com/avatar/9f041e926e6e951fba1889cdf5556aa5?s=128&amp;d=identicon&amp;r=PG&amp;f=1" Reputation="382" UpVotes="4" Views="4"><DisplayName>saq7</DisplayName></row>
  <row AccountId="2418671" CreationDate="2014-05-14T04:50:17.167" DownVotes="0" Id="91" LastAccessDate="2018-08-21T07:07:01.490" ProfileImageUrl="https://www.gravatar.com/avatar/61a08a08c58735afe6344d9b4abde02a?s=128&amp;d=identicon&amp;r=PG&amp;f=1" Reputation="1" UpVotes="2" Views="1"><DisplayName>prthkms</DisplayName></row>
  <row AccountId="2230778" CreationDate="2014-05-14T05:03:02.460" DownVotes="2" Id="92" LastAccessDate="2018-08-23T20:16:57.443" ProfileImageUrl="https://www.gravatar.com/avatar/63a734a216422efeab3b81d058f1b7b5?s=128&amp;d=identicon&amp;r=PG" Reputation="851" UpVotes="13" Views="19"><DisplayName>cwharland</DisplayName></row>
  <row AccountId="48434" CreationDate="2014-05-14T05:23:16.633" DownVotes="0" Id="93" LastAccessDate="2014-05-14T05:23:16.633" Location="San Francisco" Reputation="101" UpVotes="0" Views="1"><DisplayName>Robert Karl</DisplayName><WebsiteUrl>http://hipmunk.com</WebsiteUrl></row>
  <row AccountId="112206" CreationDate="2014-05-14T05:23:51.243" DownVotes="0" Id="94" LastAccessDate="2017-07-30T07:27:01.440" Location="Budapest, Hungary" ProfileImageUrl="https://www.gravatar.com/avatar/995e1762e0815a7d3f6acf3bb88b8f9c?s=128&amp;d=identicon&amp;r=PG" Reputation="1" UpVotes="0" Views="1"><DisplayName>Yeti</DisplayName><WebsiteUrl>http://primeranks.net</WebsiteUrl></row>
  <row AccountId="735810" CreationDate="2014-05-14T05:26:55.373" DownVotes="2" Id="95" LastAccessDate="2018-07-24T12:43:05.463" Location="Berkshire, United Kingdom" Reputation="215" UpVotes="19" Views="11"><DisplayName>EdChum</DisplayName></row>
  <row AccountId="361515" CreationDate="2014-05-14T05:27:09.957" DownVotes="1" Id="96" LastAccessDate="2018-06-21T14:10:36.920" ProfileImageUrl="https://i.stack.imgur.com/MV9ND.jpg?s=128&amp;g=1" Reputation="188" UpVotes="0" Views="8"><DisplayName>ePezhman</DisplayName></row>
  <row AccountId="241216" CreationDate="2014-05-14T05:32:45.010" DownVotes="12" Id="97" LastAccessDate="2018-08-28T16:02:27.397" Location="Minsk, Belarus" ProfileImageUrl="https://www.gravatar.com/avatar/68acdc33e278ab19debf230662a7ad96?s=128&amp;d=identicon&amp;r=PG" Reputation="2326" UpVotes="308" Views="143"><DisplayName>IharS</DisplayName><WebsiteUrl>https://www.linkedin.com/in/shyroki</WebsiteUrl></row>
  <row AccountId="1038747" CreationDate="2014-05-14T05:35:55.000" DownVotes="0" Id="98" LastAccessDate="2018-04-02T14:19:40.467" Location="India" ProfileImageUrl="https://i.stack.imgur.com/sjIdN.jpg" Reputation="101" UpVotes="0" Views="1"><DisplayName>Fr_nkenstien</DisplayName><WebsiteUrl>https://techutils.in</WebsiteUrl></row>
  <row AccountId="2242935" CreationDate="2014-05-14T05:44:39.163" DownVotes="0" Id="99" LastAccessDate="2014-05-14T09:24:43.200" Location="France" ProfileImageUrl="https://i.stack.imgur.com/PoLl7.jpg?s=128&amp;g=1" Reputation="101" UpVotes="0" Views="1"><DisplayName>Xaruth</DisplayName></row>
  <row AccountId="28900" CreationDate="2014-05-14T06:06:21.970" DownVotes="0" Id="100" LastAccessDate="2018-01-10T11:14:05.690" Location="Bemmel, Netherlands" Reputation="101" UpVotes="38" Views="1"><DisplayName>Ivo Flipse</DisplayName><WebsiteUrl>http://www.flipserd.com/blog</WebsiteUrl></row>
  <row AccountId="2084934" CreationDate="2014-05-14T06:15:18.753" DownVotes="1" Id="101" LastAccessDate="2016-04-29T12:52:57.307" Location="Latvia" ProfileImageUrl="https://i.stack.imgur.com/yGHJ7.jpg?s=128&amp;g=1" Reputation="101" UpVotes="1" Views="2"><DisplayName>Didzis Elferts</DisplayName><WebsiteUrl>http://delferts.github.io</WebsiteUrl></row>
  <row AccountId="192005" CreationDate="2014-05-14T06:24:54.137" DownVotes="0" Id="102" LastAccessDate="2015-05-21T19:09:02.617" ProfileImageUrl="https://www.gravatar.com/avatar/1d9bb862b2c539accf7464f2e8346b7e?s=128&amp;d=identicon&amp;r=PG" Reputation="121" UpVotes="0" Views="2"><DisplayName>Bryan</DisplayName></row>
  <row AccountId="2454969" CreationDate="2014-05-14T06:36:29.273" DownVotes="0" Id="104" LastAccessDate="2017-08-09T12:52:56.840" Location="Annecy, France" Reputation="259" UpVotes="2" Views="5"><DisplayName>tanou</DisplayName><WebsiteUrl>https://github.com/tanou73</WebsiteUrl></row>
  </Users>