{"AccountNumber":"333-XYZ-999","AverageTransaction":104.09833333333334,"TotalTransactions":1249.18,"NumberOfTransactions":12,"MaxTransaction":241.8,"MinTransaction":41.67,"StandardDeviationAmount":74.2973923234228,"UniqueTransactionDescriptions":["Electronics","Grocery Store","Books","Some Totally Fake Long Description","Gas","Movies"]}
{"AccountNumber":"987-CBA-321","AverageTransaction":87.19099999999999,"TotalTransactions":871.9099999999999,"NumberOfTransactions":10,"MaxTransaction":267.93,"MinTransaction":0.0,"StandardDeviationAmount":86.26235350500369,"UniqueTransactionDescriptions":["Electronics","Grocery Store","Books","Park","Drug Store","Gas","Movies"]}
{"AccountNumber":"123-ABC-789","AverageTransaction":362.9785714285714,"TotalTransactions":5081.7,"NumberOfTransactions":14,"MaxTransaction":4000.0,"MinTransaction":0.0,"StandardDeviationAmount":1049.8614269941104,"UniqueTransactionDescriptions":["Electronics","Grocery Store","Park","Drug Store","Movies"]}
